year,month,decimal_year,average,deseasonalized,days,daily_std,monthly_unc,month_id,quality
1990,1,1990.0417,353.86,353.78,25,0.34,0.13,23880,reported
1990,2,1990.125,355.1,354.37,28,0.66,0.24,23881,reported
1990,3,1990.2083,355.75,354.27,27,0.57,0.21,23882,reported
1990,4,1990.2917,356.38,353.76,28,0.55,0.2,23883,reported
1990,5,1990.375,357.38,354.23,28,0.3,0.11,23884,reported
1990,6,1990.4583,356.39,354.02,29,0.4,0.14,23885,reported
1990,7,1990.5417,354.89,354.24,30,0.89,0.31,23886,reported
1990,8,1990.625,353.06,354.68,22,0.62,0.25,23887,reported
1990,9,1990.7083,351.38,354.69,27,0.72,0.26,23888,reported
1990,10,1990.7917,351.69,354.94,28,0.3,0.11,23889,reported
1990,11,1990.875,353.14,355.18,24,0.2,0.08,23890,reported
1990,12,1990.9583,354.41,355.26,28,0.51,0.19,23891,reported
1991,1,1991.0417,354.93,354.91,28,0.51,0.18,23892,reported
1991,2,1991.125,355.82,355.11,26,0.54,0.2,23893,reported
1991,3,1991.2083,357.33,355.79,30,0.73,0.25,23894,reported
1991,4,1991.2917,358.77,356.13,30,0.66,0.23,23895,reported
1991,5,1991.375,359.23,356.1,29,0.52,0.19,23896,reported
1991,6,1991.4583,358.23,355.88,29,0.3,0.11,23897,reported
1991,7,1991.5417,356.3,355.69,24,0.46,0.18,23898,reported
1991,8,1991.625,353.97,355.59,23,0.39,0.15,23899,reported
1991,9,1991.7083,352.34,355.66,27,0.37,0.14,23900,reported
1991,10,1991.7917,352.43,355.69,27,0.25,0.09,23901,reported
1991,11,1991.875,353.89,355.87,28,0.25,0.09,23902,reported
1991,12,1991.9583,355.21,356.02,30,0.34,0.12,23903,reported
1992,1,1992.0417,356.34,356.29,31,0.6,0.21,23904,reported
1992,2,1992.125,357.21,356.47,27,0.56,0.21,23905,reported
1992,3,1992.2083,357.97,356.38,24,0.72,0.28,23906,reported
1992,4,1992.2917,359.22,356.51,27,0.53,0.2,23907,reported
1992,5,1992.375,359.71,356.52,26,0.74,0.28,23908,reported
1992,6,1992.4583,359.44,357.07,30,0.49,0.17,23909,reported
1992,7,1992.5417,357.15,356.58,25,0.63,0.24,23910,reported
1992,8,1992.625,354.99,356.67,24,0.62,0.24,23911,reported
1992,9,1992.7083,353.01,356.36,25,0.98,0.38,23912,reported
1992,10,1992.7917,353.4,356.72,29,0.56,0.2,23913,reported
1992,11,1992.875,354.42,356.48,29,0.34,0.12,23914,reported
1992,12,1992.9583,355.68,356.5,31,0.32,0.11,23915,reported
1993,1,1993.0417,357.1,357.06,28,0.58,0.21,23916,reported
1993,2,1993.125,357.42,356.54,28,0.49,0.18,23917,reported
1993,3,1993.2083,358.59,356.88,30,0.72,0.25,23918,reported
1993,4,1993.2917,359.39,356.71,25,0.53,0.2,23919,reported
1993,5,1993.375,360.3,357.14,30,0.45,0.16,23920,reported
1993,6,1993.4583,359.64,357.24,28,0.35,0.13,23921,reported
1993,7,1993.5417,357.45,356.87,25,0.78,0.3,23922,reported
1993,8,1993.625,355.76,357.44,27,0.62,0.23,23923,reported
1993,9,1993.7083,354.14,357.51,23,0.73,0.29,23924,reported
1993,10,1993.7917,354.23,357.6,28,0.29,0.11,23925,reported
1993,11,1993.875,355.53,357.65,29,0.26,0.09,23926,reported
1993,12,1993.9583,357.03,357.92,29,0.28,0.1,23927,reported
1994,1,1994.0417,358.36,358.25,27,0.33,0.12,23928,reported
1994,2,1994.125,359.04,358.21,25,0.5,0.19,23929,reported
1994,3,1994.2083,360.11,358.41,29,0.82,0.29,23930,reported
1994,4,1994.2917,361.36,358.59,28,0.5,0.18,23931,reported
1994,5,1994.375,361.78,358.59,30,0.45,0.16,23932,reported
1994,6,1994.4583,360.94,358.57,27,0.3,0.11,23933,reported
1994,7,1994.5417,359.51,358.91,31,0.41,0.14,23934,reported
1994,8,1994.625,357.59,359.29,24,0.43,0.17,23935,reported
1994,9,1994.7083,355.86,359.31,24,0.58,0.23,23936,reported
1994,10,1994.7917,356.21,359.63,28,0.28,0.1,23937,reported
1994,11,1994.875,357.65,359.8,28,0.51,0.18,23938,reported
1994,12,1994.9583,359.1,359.96,28,0.46,0.17,23939,reported
1995,1,1995.0417,360.04,359.91,30,0.47,0.16,23940,reported
1995,2,1995.125,361.0,360.18,28,0.52,0.19,23941,reported
1995,3,1995.2083,361.98,360.37,29,0.78,0.28,23942,reported
1995,4,1995.2917,363.44,360.76,29,0.65,0.23,23943,reported
1995,5,1995.375,363.83,360.73,29,0.66,0.24,23944,reported
1995,6,1995.4583,363.33,360.98,27,0.37,0.14,23945,reported
1995,7,1995.5417,361.78,361.1,28,0.36,0.13,23946,reported
1995,8,1995.625,359.33,360.93,24,0.7,0.28,23947,reported
1995,9,1995.7083,358.32,361.7,24,0.68,0.26,23948,reported
1995,10,1995.7917,358.14,361.52,29,0.26,0.09,23949,reported
1995,11,1995.875,359.61,361.75,26,0.24,0.09,23950,reported
1995,12,1995.9583,360.82,361.67,30,0.36,0.12,23951,reported
1996,1,1996.0417,362.2,361.98,29,0.38,0.13,23952,reported
1996,2,1996.125,363.36,362.47,28,0.55,0.2,23953,reported
1996,3,1996.2083,364.28,362.64,28,0.67,0.24,23954,reported
1996,4,1996.2917,364.69,361.99,29,0.59,0.21,23955,reported
1996,5,1996.375,365.25,362.23,30,0.57,0.2,23956,reported
1996,6,1996.4583,365.06,362.82,30,0.38,0.13,23957,reported
1996,7,1996.5417,363.69,362.98,31,0.32,0.11,23958,reported
1996,8,1996.625,361.55,363.13,27,0.49,0.18,23959,reported
1996,9,1996.7083,359.69,363.14,25,0.75,0.29,23960,reported
1996,10,1996.7917,359.72,363.12,29,0.32,0.11,23961,reported
1996,11,1996.875,361.04,363.18,29,0.29,0.1,23962,reported
1996,12,1996.9583,362.39,363.23,29,0.36,0.13,23963,reported
1997,1,1997.0417,363.24,363.03,31,0.4,0.14,23964,reported
1997,2,1997.125,364.21,363.4,28,0.62,0.22,23965,reported
1997,3,1997.2083,364.65,363.02,31,0.4,0.14,23966,reported
1997,4,1997.2917,366.49,363.82,21,0.46,0.19,23967,reported
1997,5,1997.375,366.77,363.87,29,0.53,0.19,23968,reported
1997,6,1997.4583,365.73,363.56,27,0.23,0.09,23969,reported
1997,7,1997.5417,364.46,363.74,24,0.47,0.18,23970,reported
1997,8,1997.625,362.4,363.98,25,0.57,0.22,23971,reported
1997,9,1997.7083,360.44,363.83,26,0.63,0.24,23972,reported
1997,10,1997.7917,360.97,364.28,27,0.32,0.12,23973,reported
1997,11,1997.875,362.65,364.71,30,0.31,0.11,23974,reported
1997,12,1997.9583,364.51,365.28,30,0.41,0.14,23975,reported
1998,1,1998.0417,365.39,365.19,30,0.43,0.15,23976,reported
1998,2,1998.125,366.1,365.29,28,0.62,0.23,23977,reported
1998,3,1998.2083,367.36,365.73,31,0.82,0.28,23978,reported
1998,4,1998.2917,368.79,366.17,29,0.63,0.22,23979,reported
1998,5,1998.375,369.56,366.68,30,0.77,0.27,23980,reported
1998,6,1998.4583,369.13,366.95,28,0.24,0.09,23981,reported
1998,7,1998.5417,367.98,367.29,23,0.65,0.26,23982,reported
1998,8,1998.625,366.1,367.69,30,0.3,0.1,23983,reported
1998,9,1998.7083,364.16,367.51,28,0.4,0.14,23984,reported
1998,10,1998.7917,364.54,367.82,30,0.26,0.09,23985,reported
1998,11,1998.875,365.67,367.7,23,0.25,0.1,23986,reported
1998,12,1998.9583,367.3,368.05,26,0.36,0.14,23987,reported
1999,1,1999.0417,368.35,368.13,27,0.47,0.17,23988,reported
1999,2,1999.125,369.28,368.46,21,0.47,0.2,23989,reported
1999,3,1999.2083,369.84,368.24,25,0.81,0.31,23990,reported
1999,4,1999.2917,371.15,368.62,29,0.67,0.24,23991,reported
1999,5,1999.375,371.12,368.31,26,0.59,0.22,23992,reported
1999,6,1999.4583,370.46,368.29,26,0.44,0.16,23993,reported
1999,7,1999.5417,369.61,368.93,27,0.63,0.23,23994,reported
1999,8,1999.625,367.06,368.63,25,0.38,0.14,23995,reported
1999,9,1999.7083,364.95,368.28,28,0.74,0.27,23996,reported
1999,10,1999.7917,365.52,368.8,31,0.28,0.1,23997,reported
1999,11,1999.875,366.88,368.86,28,0.25,0.09,23998,reported
1999,12,1999.9583,368.26,368.93,26,0.29,0.11,23999,reported
2000,1,2000.0417,369.45,369.24,26,0.48,0.18,24000,reported
2000,2,2000.125,369.71,368.99,19,0.48,0.21,24001,reported
2000,3,2000.2083,370.75,369.24,30,0.47,0.16,24002,reported
2000,4,2000.2917,371.98,369.44,27,0.58,0.21,24003,reported
2000,5,2000.375,371.75,368.87,28,0.53,0.19,24004,reported
2000,6,2000.4583,371.87,369.66,28,0.24,0.09,24005,reported
2000,7,2000.5417,370.02,369.36,25,0.31,0.12,24006,reported
2000,8,2000.625,368.27,369.87,27,0.42,0.15,24007,reported
2000,9,2000.7083,367.15,370.46,25,0.36,0.14,24008,reported
2000,10,2000.7917,367.18,370.42,30,0.27,0.09,24009,reported
2000,11,2000.875,368.53,370.48,25,0.3,0.12,24010,reported
2000,12,2000.9583,369.83,370.46,30,0.38,0.13,24011,reported
2001,1,2001.0417,370.76,370.6,30,0.56,0.2,24012,reported
2001,2,2001.125,371.69,370.95,26,0.61,0.23,24013,reported
2001,3,2001.2083,372.63,371.06,26,0.46,0.17,24014,reported
2001,4,2001.2917,373.55,370.99,29,0.56,0.2,24015,reported
2001,5,2001.375,374.03,371.11,24,0.41,0.16,24016,reported
2001,6,2001.4583,373.4,371.18,26,0.37,0.14,24017,reported
2001,7,2001.5417,371.68,371.08,25,0.62,0.24,24018,reported
2001,8,2001.625,369.78,371.39,27,0.6,0.22,24019,reported
2001,9,2001.7083,368.34,371.61,28,0.49,0.18,24020,reported
2001,10,2001.7917,368.61,371.85,31,0.33,0.11,24021,reported
2001,11,2001.875,369.94,371.92,24,0.24,0.09,24022,reported
2001,12,2001.9583,371.42,372.09,29,0.4,0.14,24023,reported
2002,1,2002.0417,372.7,372.48,28,0.52,0.19,24024,reported
2002,2,2002.125,373.37,372.49,28,0.66,0.24,24025,reported
2002,3,2002.2083,374.3,372.61,24,0.62,0.24,24026,reported
2002,4,2002.2917,375.19,372.54,29,0.55,0.19,24027,reported
2002,5,2002.375,375.93,372.98,29,0.57,0.2,24028,reported
2002,6,2002.4583,375.69,373.46,28,0.46,0.17,24029,reported
2002,7,2002.5417,374.16,373.58,25,0.47,0.18,24030,reported
2002,8,2002.625,372.03,373.7,28,0.65,0.24,24031,reported
2002,9,2002.7083,370.92,374.28,23,0.74,0.3,24032,reported
2002,10,2002.7917,370.73,374.06,31,0.62,0.21,24033,reported
2002,11,2002.875,372.43,374.52,29,0.43,0.15,24034,reported
2002,12,2002.9583,373.98,374.72,31,0.46,0.16,24035,reported
2003,1,2003.0417,375.07,374.82,30,0.51,0.18,24036,reported
2003,2,2003.125,375.82,374.95,27,0.58,0.21,24037,reported
2003,3,2003.2083,376.64,374.99,28,0.63,0.23,24038,reported
2003,4,2003.2917,377.92,375.24,27,0.37,0.14,24039,reported
2003,5,2003.375,378.78,375.73,30,0.78,0.27,24040,reported
2003,6,2003.4583,378.46,376.22,25,0.39,0.15,24041,reported
2003,7,2003.5417,376.88,376.37,29,0.7,0.25,24042,reported
2003,8,2003.625,374.57,376.27,23,0.57,0.23,24043,reported
2003,9,2003.7083,373.34,376.65,25,0.37,0.14,24044,reported
2003,10,2003.7917,373.31,376.65,30,0.33,0.12,24045,reported
2003,11,2003.875,374.84,376.99,26,0.45,0.17,24046,reported
2003,12,2003.9583,376.17,376.93,27,0.4,0.15,24047,reported
2004,1,2004.0417,377.17,376.96,30,0.45,0.16,24048,reported
2004,2,2004.125,378.05,377.19,29,0.74,0.26,24049,reported
2004,3,2004.2083,379.06,377.4,27,0.84,0.31,24050,reported
2004,4,2004.2917,380.54,377.8,26,0.52,0.19,24051,reported
2004,5,2004.375,380.8,377.66,28,0.61,0.22,24052,reported
2004,6,2004.4583,379.87,377.57,21,0.47,0.19,24053,reported
2004,7,2004.5417,377.65,377.12,25,0.5,0.19,24054,reported
2004,8,2004.625,376.17,377.9,16,0.45,0.21,24055,reported
2004,9,2004.7083,374.43,377.8,15,0.56,0.28,24056,reported
2004,10,2004.7917,374.63,377.99,29,0.19,0.07,24057,reported
2004,11,2004.875,376.33,378.49,29,0.62,0.22,24058,reported
2004,12,2004.9583,377.68,378.48,30,0.29,0.1,24059,reported
2005,1,2005.0417,378.63,378.37,31,0.32,0.11,24060,reported
2005,2,2005.125,379.91,379.1,24,0.6,0.24,24061,reported
2005,3,2005.2083,380.95,379.45,26,1.16,0.44,24062,reported
2005,4,2005.2917,382.48,379.84,26,0.53,0.2,24063,reported
2005,5,2005.375,382.64,379.49,31,0.61,0.21,24064,reported
2005,6,2005.4583,382.4,380.07,28,0.21,0.08,24065,reported
2005,7,2005.5417,380.93,380.38,29,0.38,0.13,24066,reported
2005,8,2005.625,378.93,380.61,26,0.53,0.2,24067,reported
2005,9,2005.7083,376.89,380.2,27,0.51,0.19,24068,reported
2005,10,2005.7917,377.19,380.5,14,0.15,0.08,24069,reported
2005,11,2005.875,378.54,380.69,23,0.45,0.18,24070,reported
2005,12,2005.9583,380.31,381.09,26,0.39,0.15,24071,reported
2006,1,2006.0417,381.58,381.33,24,0.31,0.12,24072,reported
2006,2,2006.125,382.4,381.58,25,0.51,0.2,24073,reported
2006,3,2006.2083,382.86,381.32,29,0.55,0.2,24074,reported
2006,4,2006.2917,384.8,382.11,25,0.49,0.19,24075,reported
2006,5,2006.375,385.22,382.06,24,0.45,0.17,24076,reported
2006,6,2006.4583,384.24,381.93,28,0.43,0.16,24077,reported
2006,7,2006.5417,382.65,382.1,24,0.32,0.12,24078,reported
2006,8,2006.625,380.6,382.27,27,0.47,0.17,24079,reported
2006,9,2006.7083,379.04,382.35,25,0.42,0.16,24080,reported
2006,10,2006.7917,379.33,382.66,23,0.4,0.16,24081,reported
2006,11,2006.875,380.35,382.52,29,0.39,0.14,24082,reported
2006,12,2006.9583,382.02,382.84,27,0.38,0.14,24083,reported
2007,1,2007.0417,383.1,382.88,24,0.76,0.3,24084,reported
2007,2,2007.125,384.12,383.22,21,0.81,0.34,24085,reported
2007,3,2007.2083,384.81,383.17,27,0.63,0.23,24086,reported
2007,4,2007.2917,386.73,383.95,25,0.76,0.29,24087,reported
2007,5,2007.375,386.78,383.56,29,0.64,0.23,24088,reported
2007,6,2007.4583,386.33,384.06,26,0.42,0.16,24089,reported
2007,7,2007.5417,384.73,384.25,27,0.44,0.16,24090,reported
2007,8,2007.625,382.24,383.95,22,0.64,0.26,24091,reported
2007,9,2007.7083,381.2,384.56,21,0.45,0.19,24092,reported
2007,10,2007.7917,381.37,384.72,29,0.19,0.07,24093,reported
2007,11,2007.875,382.7,384.9,30,0.31,0.11,24094,reported
2007,12,2007.9583,384.19,385.07,22,0.34,0.14,24095,reported
2008,1,2008.0417,385.78,385.54,31,0.56,0.19,24096,reported
2008,2,2008.125,386.06,385.2,26,0.58,0.22,24097,reported
2008,3,2008.2083,386.28,384.72,30,0.6,0.21,24098,reported
2008,4,2008.2917,387.33,384.71,22,1.19,0.49,24099,reported
2008,5,2008.375,388.78,385.69,25,0.57,0.22,24100,reported
2008,6,2008.4583,387.99,385.68,23,0.49,0.2,24101,reported
2008,7,2008.5417,386.62,386.05,10,0.96,0.58,24102,reported
2008,8,2008.625,384.32,385.98,25,0.66,0.25,24103,reported
2008,9,2008.7083,383.41,386.69,27,0.34,0.12,24104,reported
2008,10,2008.7917,383.22,386.5,23,0.27,0.11,24105,reported
2008,11,2008.875,384.41,386.58,28,0.29,0.11,24106,reported
2008,12,2008.9583,385.79,386.64,29,0.27,0.1,24107,reported
2009,1,2009.0417,387.17,386.86,30,0.38,0.13,24108,reported
2009,2,2009.125,387.7,386.81,26,0.49,0.18,24109,reported
2009,3,2009.2083,389.04,387.54,28,0.68,0.25,24110,reported
2009,4,2009.2917,389.76,387.15,29,0.85,0.3,24111,reported
2009,5,2009.375,390.36,387.24,30,0.51,0.18,24112,reported
2009,6,2009.4583,389.7,387.46,29,0.6,0.21,24113,reported
2009,7,2009.5417,388.24,387.77,22,0.31,0.13,24114,reported
2009,8,2009.625,386.29,387.99,28,0.62,0.22,24115,reported
2009,9,2009.7083,384.95,388.22,28,0.56,0.2,24116,reported
2009,10,2009.7917,384.64,387.88,30,0.31,0.11,24117,reported
2009,11,2009.875,386.23,388.36,30,0.29,0.1,24118,reported
2009,12,2009.9583,387.63,388.43,20,0.47,0.2,24119,reported
2010,1,2010.0417,388.91,388.62,30,0.92,0.32,24120,reported
2010,2,2010.125,390.41,389.47,20,1.31,0.56,24121,reported
2010,3,2010.2083,391.37,389.85,25,1.05,0.4,24122,reported
2010,4,2010.2917,392.67,390.12,26,0.65,0.24,24123,reported
2010,5,2010.375,393.21,390.09,29,0.65,0.23,24124,reported
2010,6,2010.4583,392.38,390.1,28,0.42,0.15,24125,reported
2010,7,2010.5417,390.41,389.93,29,0.47,0.17,24126,reported
2010,8,2010.625,388.54,390.21,26,0.41,0.16,24127,reported
2010,9,2010.7083,387.03,390.32,29,0.55,0.19,24128,reported
2010,10,2010.7917,387.43,390.72,31,0.27,0.09,24129,reported
2010,11,2010.875,388.87,390.99,29,0.42,0.15,24130,reported
2010,12,2010.9583,389.99,390.8,29,0.47,0.17,24131,reported
2011,1,2011.0417,391.5,391.19,29,0.88,0.31,24132,reported
2011,2,2011.125,392.05,391.12,28,0.47,0.17,24133,reported
2011,3,2011.2083,392.8,391.27,29,0.97,0.35,24134,reported
2011,4,2011.2917,393.44,390.83,28,0.73,0.26,24135,reported
2011,5,2011.375,394.41,391.24,29,0.93,0.33,24136,reported
2011,6,2011.4583,393.95,391.64,28,0.45,0.16,24137,reported
2011,7,2011.5417,392.72,392.24,26,0.71,0.26,24138,reported
2011,8,2011.625,390.33,392.04,27,0.42,0.15,24139,reported
2011,9,2011.7083,389.28,392.6,26,0.31,0.12,24140,reported
2011,10,2011.7917,389.19,392.53,30,0.17,0.06,24141,reported
2011,11,2011.875,390.48,392.64,28,0.26,0.1,24142,reported
2011,12,2011.9583,392.06,392.86,26,0.37,0.14,24143,reported
2012,1,2012.0417,393.31,393.07,30,0.77,0.27,24144,reported
2012,2,2012.125,394.04,393.2,26,1.19,0.45,24145,reported
2012,3,2012.2083,394.59,392.99,30,0.63,0.22,24146,reported
2012,4,2012.2917,396.38,393.65,29,0.59,0.21,24147,reported
2012,5,2012.375,396.93,393.73,30,0.5,0.17,24148,reported
2012,6,2012.4583,395.91,393.63,28,0.59,0.21,24149,reported
2012,7,2012.5417,394.56,394.12,26,0.3,0.11,24150,reported
2012,8,2012.625,392.59,394.37,30,0.52,0.18,24151,reported
2012,9,2012.7083,391.32,394.75,26,0.42,0.16,24152,reported
2012,10,2012.7917,391.27,394.64,28,0.23,0.08,24153,reported
2012,11,2012.875,393.2,395.25,29,0.53,0.19,24154,reported
2012,12,2012.9583,394.57,395.27,29,0.44,0.16,24155,reported
2013,1,2013.0417,395.78,395.62,28,0.6,0.22,24156,reported
2013,2,2013.125,397.03,396.23,25,0.57,0.22,24157,reported
2013,3,2013.2083,397.66,396.07,30,0.71,0.25,24158,reported
2013,4,2013.2917,398.64,395.79,22,0.59,0.24,24159,reported
2013,5,2013.375,400.02,396.64,28,0.37,0.13,24160,reported
2013,6,2013.4583,398.81,396.48,26,0.43,0.16,24161,reported
2013,7,2013.5417,397.51,397.13,21,0.52,0.22,24162,reported
2013,8,2013.625,395.39,397.27,27,0.45,0.16,24163,reported
2013,9,2013.7083,393.72,397.24,26,0.35,0.13,24164,reported
2013,10,2013.7917,393.9,397.25,28,0.16,0.06,24165,reported
2013,11,2013.875,395.36,397.35,30,0.6,0.21,24166,reported
2013,12,2013.9583,397.03,397.78,30,0.48,0.17,24167,reported
2014,1,2014.0417,398.04,397.74,31,0.49,0.17,24168,reported
2014,2,2014.125,398.27,397.45,27,0.51,0.19,24169,reported
2014,3,2014.2083,399.91,398.37,22,0.84,0.34,24170,reported
2014,4,2014.2917,401.51,398.63,26,0.5,0.19,24171,reported
2014,5,2014.375,401.96,398.56,22,0.51,0.21,24172,reported
2014,6,2014.4583,401.43,399.1,28,0.36,0.13,24173,reported
2014,7,2014.5417,399.27,398.85,25,0.55,0.21,24174,reported
2014,8,2014.625,397.18,399.07,22,0.28,0.12,24175,reported
2014,9,2014.7083,395.54,399.11,21,0.54,0.23,24176,reported
2014,10,2014.7917,396.16,399.58,24,0.73,0.29,24177,reported
2014,11,2014.875,397.4,399.49,27,0.37,0.14,24178,reported
2014,12,2014.9583,399.08,399.81,29,0.6,0.21,24179,reported
2015,1,2015.0417,400.18,399.92,30,0.55,0.19,24180,reported
2015,2,2015.125,400.55,399.77,28,0.63,0.23,24181,reported
2015,3,2015.2083,401.74,400.22,24,1.02,0.4,24182,reported
2015,4,2015.2917,403.35,400.46,26,0.86,0.32,24183,reported
2015,5,2015.375,404.15,400.7,30,0.32,0.11,24184,reported
2015,6,2015.4583,402.97,400.65,29,0.47,0.17,24185,reported
2015,7,2015.5417,401.46,401.11,24,0.57,0.22,24186,reported
2015,8,2015.625,399.11,401.04,28,0.74,0.27,24187,reported
2015,9,2015.7083,397.82,401.43,25,0.32,0.12,24188,reported
2015,10,2015.7917,398.49,401.89,28,0.56,0.2,24189,reported
2015,11,2015.875,400.27,402.24,25,0.58,0.22,24190,reported
2015,12,2015.9583,402.06,402.72,30,0.67,0.23,24191,reported
2016,1,2016.0417,402.73,402.45,27,0.56,0.21,24192,reported
2016,2,2016.125,404.25,403.4,25,1.11,0.43,24193,reported
2016,3,2016.2083,405.06,403.54,28,0.81,0.29,24194,reported
2016,4,2016.2917,407.6,404.77,23,1.04,0.41,24195,reported
2016,5,2016.375,407.9,404.41,29,0.5,0.18,24196,reported
2016,6,2016.4583,406.99,404.59,26,0.6,0.23,24197,reported
2016,7,2016.5417,404.59,404.24,28,0.88,0.32,24198,reported
2016,8,2016.625,402.45,404.41,24,0.6,0.23,24199,reported
2016,9,2016.7083,401.23,404.85,25,0.44,0.17,24200,reported
2016,10,2016.7917,401.79,405.23,29,0.3,0.11,24201,reported
2016,11,2016.875,403.72,405.74,27,0.72,0.26,24202,reported
2016,12,2016.9583,404.64,405.33,29,0.44,0.16,24203,reported
2017,1,2017.0417,406.36,406.04,27,0.68,0.25,24204,reported
2017,2,2017.125,406.66,405.8,26,0.71,0.27,24205,reported
2017,3,2017.2083,407.54,406.05,24,1.03,0.4,24206,reported
2017,4,2017.2917,409.22,406.37,26,0.86,0.32,24207,reported
2017,5,2017.375,409.89,406.37,27,0.57,0.21,24208,reported
2017,6,2017.4583,409.08,406.68,26,0.54,0.2,24209,reported
2017,7,2017.5417,407.33,407.01,28,0.61,0.22,24210,reported
2017,8,2017.625,405.32,407.31,29,0.32,0.12,24211,reported
2017,9,2017.7083,403.57,407.17,26,0.37,0.14,24212,reported
2017,10,2017.7917,403.82,407.23,27,0.3,0.11,24213,reported
2017,11,2017.875,405.31,407.36,26,0.41,0.15,24214,reported
2017,12,2017.9583,407.0,407.71,31,0.57,0.2,24215,reported
2018,1,2018.0417,408.15,407.83,29,0.55,0.19,24216,reported
2018,2,2018.125,408.52,407.61,28,0.52,0.19,24217,reported
2018,3,2018.2083,409.59,408.06,29,0.65,0.23,24218,reported
2018,4,2018.2917,410.45,407.65,21,0.9,0.38,24219,reported
2018,5,2018.375,411.44,407.98,24,0.86,0.33,24220,reported
2018,6,2018.4583,410.99,408.6,29,0.61,0.22,24221,reported
2018,7,2018.5417,408.9,408.6,27,0.46,0.17,24222,reported
2018,8,2018.625,407.16,409.17,31,0.28,0.1,24223,reported
2018,9,2018.7083,405.71,409.3,29,0.45,0.16,24224,reported
2018,10,2018.7917,406.19,409.56,30,0.32,0.11,24225,reported
2018,11,2018.875,408.21,410.24,24,0.56,0.22,24226,reported
2018,12,2018.9583,409.27,409.99,30,0.5,0.17,24227,reported
2019,1,2019.0417,411.03,410.69,26,1.26,0.47,24228,reported
2019,2,2019.125,411.96,410.97,27,1.14,0.42,24229,reported
2019,3,2019.2083,412.18,410.71,28,1.12,0.4,24230,reported
2019,4,2019.2917,413.54,410.92,27,0.6,0.22,24231,reported
2019,5,2019.375,414.86,411.47,28,0.5,0.18,24232,reported
2019,6,2019.4583,414.15,411.74,27,0.36,0.13,24233,reported
2019,7,2019.5417,411.96,411.64,25,0.81,0.31,24234,reported
2019,8,2019.625,410.17,412.1,29,0.32,0.11,24235,reported
2019,9,2019.7083,408.76,412.26,29,0.35,0.13,24236,reported
2019,10,2019.7917,408.74,412.09,29,0.31,0.11,24237,reported
2019,11,2019.875,410.47,412.5,26,0.4,0.15,24238,reported
2019,12,2019.9583,411.97,412.71,31,0.4,0.14,24239,reported
2020,1,2020.0417,413.59,413.22,29,0.73,0.26,24240,reported
2020,2,2020.125,414.32,413.4,28,0.69,0.25,24241,reported
2020,3,2020.2083,414.72,413.35,26,0.32,0.12,24242,reported
2020,4,2020.2917,416.42,413.92,28,0.65,0.24,24243,reported
2020,5,2020.375,417.28,413.98,27,0.61,0.23,24244,reported
2020,6,2020.4583,416.58,414.15,27,0.44,0.16,24245,reported
2020,7,2020.5417,414.58,414.19,30,0.57,0.2,24246,reported
2020,8,2020.625,412.75,414.6,25,0.25,0.1,24247,reported
2020,9,2020.7083,411.5,414.9,29,0.31,0.11,24248,reported
2020,10,2020.7917,411.49,414.79,30,0.22,0.08,24249,reported
2020,11,2020.875,413.1,415.11,27,0.81,0.3,24250,reported
2020,12,2020.9583,414.23,414.91,30,0.48,0.17,24251,reported
2021,1,2021.0417,415.49,415.23,29,0.44,0.16,24252,reported
2021,2,2021.125,416.72,415.8,28,1.02,0.37,24253,reported
2021,3,2021.2083,417.61,416.17,28,0.86,0.31,24254,reported
2021,4,2021.2917,419.01,416.59,24,1.12,0.44,24255,reported
2021,5,2021.375,419.09,415.88,28,0.9,0.32,24256,reported
2021,6,2021.4583,418.93,416.48,29,0.65,0.23,24257,reported
2021,7,2021.5417,416.9,416.48,31,0.71,0.24,24258,reported
2021,8,2021.625,414.42,416.27,25,0.74,0.28,24259,reported
2021,9,2021.7083,413.26,416.63,27,0.29,0.11,24260,reported
2021,10,2021.7917,413.9,417.14,29,0.35,0.12,24261,reported
2021,11,2021.875,414.97,416.92,30,0.36,0.13,24262,reported
2021,12,2021.9583,416.67,417.37,28,0.48,0.17,24263,reported
